building_key,midland_id,midland_original_key,midland_name,centanet_id,centanet_original_key,centanet_name,match_score
MD_B000025468,B000025468,B000025468,Yiuga Factory Building,725ee05f-2173-4d25-91a2-02734a681e4c,725ee05f-2173-4d25-91a2-02734a681e4c,Yiuga Factory Building,90.0
MD_B000007844,B000007844,B000007844,Block A Kailey Industrial Centre,f3687e84-5b70-4c5d-a636-a65df590a04f,f3687e84-5b70-4c5d-a636-a65df590a04f,Kailey Industrial Centre A,90.0
MD_B000007845,B000007845,B000007845,Block B Kailey Industrial Centre,7d0a9718-f12b-4ea0-816d-c6940432c076,7d0a9718-f12b-4ea0-816d-c6940432c076,Kailey Industrial Centre B,90.0
MD_B000007901,B000007901,B000007901,Chai Wan Industrial City Phase I,264cfe30-4f65-440f-ac6a-2961001af227,264cfe30-4f65-440f-ac6a-2961001af227,Chai Wan Industrial City I,88.2
MD_B000007903,B000007903,B000007903,Chai Wan Industrial City Phase Ii,28ec1ff3-205a-4af0-b096-7dc4aa141e05,28ec1ff3-205a-4af0-b096-7dc4aa141e05,Chai Wan Industrial City II,88.2
MD_B000007205,B000007205,B000007205,Cheung Lee Industrial Building,97f281d6-7152-42d9-9399-80c0ec59d085,97f281d6-7152-42d9-9399-80c0ec59d085,Tung Lee Industrial Building,77.2
MD_B000007209,B000007209,B000007209,Cornell Centre,f290ca9e-df59-43e6-9cc0-0d0b9461a05b,f290ca9e-df59-43e6-9cc0-0d0b9461a05b,Cornell Centre,90.0
MD_B000007509,B000007509,B000007509,Decca Industrial Centre,b5d68be9-6e92-4659-953b-bdf2f058e1ea,b5d68be9-6e92-4659-953b-bdf2f058e1ea,Decca Industrial Centre,90.0
MD_B000007214,B000007214,B000007214,Eastern Centre,66892345-5083-40e0-8086-32b491c1fea4,66892345-5083-40e0-8086-32b491c1fea4,Eastern Centre,90.0
MD_B000007210,B000007210,B000007210,Honour Industrial Centre,5cf5644e-82ff-45e5-8eab-70ba8b46826b,5cf5644e-82ff-45e5-8eab-70ba8b46826b,Honour Industrial Centre,90.0
MD_B000007078,B000007078,B000007078,Hop Shi Factory Building,dcd3b9dd-325f-4877-9513-4c7f93760ce8,dcd3b9dd-325f-4877-9513-4c7f93760ce8,Hop Shi Factory Building,83.0
MD_B000024368,B000024368,B000024368,Mega Iadvantage,beb7895a-dd63-4c44-8198-1524501092e0,beb7895a-dd63-4c44-8198-1524501092e0,Mega-iAdvantage,90.0
MD_B000007842,B000007842,B000007842,Mp Industrial Centre Block A,3cbc7f82-b6ed-423b-b172-1fb0dc2f9e50,3cbc7f82-b6ed-423b-b172-1fb0dc2f9e50,MP Industrial Centre Block A,90.0
MD_B000007843,B000007843,B000007843,Mp Industrial Centre Block B,ef477ad2-09c4-47f6-9279-d5f3143f2565,ef477ad2-09c4-47f6-9279-d5f3143f2565,MP Industrial Centre Block B,90.0
MD_B000007208,B000007208,B000007208,Paramount Building,0ae0b230-d660-4c2d-bb33-eb0688ebe453,0ae0b230-d660-4c2d-bb33-eb0688ebe453,Paramount Building,90.0
MD_B000007847,B000007847,B000007847,Sea View Estate Block A,b3e23d5a-da19-40b0-a588-4bb04dd3fd0f,b3e23d5a-da19-40b0-a588-4bb04dd3fd0f,Sea View Estate A,88.6
MD_B000056176,B000056176,B000056176,Sea View Estate Block C,725161f4-4606-4289-ab4c-5dab7e2991ea,725161f4-4606-4289-ab4c-5dab7e2991ea,Sea View Estate C,88.6
MD_B000007511,B000007511,B000007511,Sino Favour Centre,e624628d-a013-4c6b-ad36-9ade518b8829,e624628d-a013-4c6b-ad36-9ade518b8829,Sino Favour Centre,90.0
MD_B000007059,B000007059,B000007059,Sunview Industrial Building,3941eea7-9d1e-4be8-b567-7006f555bf2e,3941eea7-9d1e-4be8-b567-7006f555bf2e,Gemmy Development Industrial Building,75.2
MD_B000007218,B000007218,B000007218,Tung Chong Factory Building,acba3326-ddad-4e9f-a2d3-4e74483a8c1b,acba3326-ddad-4e9f-a2d3-4e74483a8c1b,Tung Chong Factory Building,90.0
MD_B000007212,B000007212,B000007212,Westlands Centre,51ce25cf-a7ea-4b53-9d53-97f68794fa8b,51ce25cf-a7ea-4b53-9d53-97f68794fa8b,Westlands Centre,90.0
MD_B000007064,B000007064,B000007064,Yiko Industrial Building,75926bda-009f-4238-887b-d9ab40c4db53,75926bda-009f-4238-887b-d9ab40c4db53,Milo's Industrial Building,76.2
MD_B000059626,B000059626,B000059626,Fortune Factory Building Block B,67f0c98b-6d7f-442d-8ea8-9a7c23dc1536,67f0c98b-6d7f-442d-8ea8-9a7c23dc1536,Fortune Factory Building B,90.0
MD_B000019530,B000019530,B000019530,Grand Marine Center,3328148e-013c-4a71-89cf-4b8f371a074a,3328148e-013c-4a71-89cf-4b8f371a074a,Grand Marine Centre,90.0
MD_B000019713,B000019713,B000019713,Harbour Industrial Centre,4f79b6a6-be2e-4b35-8984-85d26c2592eb,4f79b6a6-be2e-4b35-8984-85d26c2592eb,Harbour Industrial Centre,90.0
MD_B000019903,B000019903,B000019903,Hing Wai Centre,f342fac8-2863-40b2-8cdb-9cef3b2fe093,f342fac8-2863-40b2-8cdb-9cef3b2fe093,Hing Wai Centre,90.0
MD_B000007510,B000007510,B000007510,Hong Man Industrial Centre,2c3b941c-0cae-4c3d-bf6c-16497045546c,2c3b941c-0cae-4c3d-bf6c-16497045546c,Hong Man Industrial Centre,90.0
MD_B000059768,B000059768,B000059768,Kingley Industrial Building Block I,a29c72d2-bf07-4f53-a673-d28116397f74,a29c72d2-bf07-4f53-a673-d28116397f74,Fortune Industrial Building,75.0
MD_B000020762,B000020762,B000020762,Kingley Industrial Building Block Ii,7f296405-a88b-46c9-b7a7-f0ac59766e6f,7f296405-a88b-46c9-b7a7-f0ac59766e6f,Kingley Industrial Building 2,87.6
MD_B000021184,B000021184,B000021184,Lee Fund Centre,2d0fe61b-f305-4588-b1ca-a9a28268130a,2d0fe61b-f305-4588-b1ca-a9a28268130a,Lee Fund Centre,90.0
MD_B000022225,B000022225,B000022225,Oceanic Industrial Centre,3fd0842b-92f7-418d-8313-d790de9cd78d,3fd0842b-92f7-418d-8313-d790de9cd78d,Oceanic Industrial Centre,90.0
MD_B000025236,B000025236,B000025236,Yan's Tower,dd4026b5-dd81-4a11-b992-d2a9e6cb1087,dd4026b5-dd81-4a11-b992-d2a9e6cb1087,Yan's Tower,88.8
MD_B000059585,B000059585,B000059585,Elex Industrial Building,d99ca75a-ab85-4e36-9f3f-09db7f4e0bc2,d99ca75a-ab85-4e36-9f3f-09db7f4e0bc2,Elex Building,90.0
MD_B000019636,B000019636,B000019636,Hang Chong Centre,a25ea229-932e-4f1d-b048-2dd98c287773,a25ea229-932e-4f1d-b048-2dd98c287773,Hang Chong Centre,76.6
MD_B000084440,B000084440,B000084440,Khora,d7994026-797e-4a52-a24b-140cfbb3c5a8,d7994026-797e-4a52-a24b-140cfbb3c5a8,KHORA,90.0
MD_B000021990,B000021990,B000021990,Mow Shing Centre,03d5e9f2-5ae5-4047-8e55-fa76562e2546,03d5e9f2-5ae5-4047-8e55-fa76562e2546,Mow Shing Centre,90.0
MD_B000068633,B000068633,B000068633,Solo,83276c31-515c-4a21-8622-06a219bc3bd8,83276c31-515c-4a21-8622-06a219bc3bd8,SOLO,90.0
MD_B000023475,B000023475,B000023475,Splendid Centre,04d5bd65-99f9-4adb-b53d-2f2abd21e46f,04d5bd65-99f9-4adb-b53d-2f2abd21e46f,Splendid Centre,77.2
MD_B000023523,B000023523,B000023523,Style Factory Building,5d535083-e278-4398-ba39-48e290389035,5d535083-e278-4398-ba39-48e290389035,Style Factory Building,90.0
MD_B000076248,B000076248,B000076248,The Bedford,ffe1103a-7bb1-44d6-a4b3-d81760c61c8f,ffe1103a-7bb1-44d6-a4b3-d81760c61c8f,The Bedford,88.2
MD_B000093379,B000093379,B000093379,The Cloud,9ae72727-7e9f-4f26-8be2-a119f90dc277,9ae72727-7e9f-4f26-8be2-a119f90dc277,The Cloud,90.0
MD_B000024652,B000024652,B000024652,Wah Yuen Factory Building,1d4748a4-b41c-4e52-8956-78b3a7a2af98,1d4748a4-b41c-4e52-8956-78b3a7a2af98,Wah Yuen Factory Building,83.6
MD_B000024694,B000024694,B000024694,Wai Yick Industrial Building,2907f5f9-a502-4458-9ffe-a226d21cb0d1,2907f5f9-a502-4458-9ffe-a226d21cb0d1,Wai Yick Industrial Building,87.6
MD_B000087056,B000087056,B000087056,Walnut 9,c4a74dd7-3ce0-4230-93cb-dee1f2cd4791,c4a74dd7-3ce0-4230-93cb-dee1f2cd4791,Walnut 9,90.0
MD_B000024775,B000024775,B000024775,Wang Yip Industrial Building,9bfd3d5a-7755-453b-a5d7-0f2bbc37dc16,9bfd3d5a-7755-453b-a5d7-0f2bbc37dc16,Wang Yip Industrial Building,90.0
MD_B000024930,B000024930,B000024930,Wing Gar Factory Building,3eec588c-5f00-4f0e-bf99-89947923651c,3eec588c-5f00-4f0e-bf99-89947923651c,Wing Gar Factory Building,90.0
MD_B000059583,B000059583,B000059583,Worldwide Centre,2b56a3f0-2ab7-40c8-864b-c2dbed7cd3f7,2b56a3f0-2ab7-40c8-864b-c2dbed7cd3f7,Worldwide Centre,90.0
MD_B000055077,B000055077,B000055077,822 Lai Chi Kok Road Kowloon,340e7cda-dd99-4c9a-b886-805a92893e31,340e7cda-dd99-4c9a-b886-805a92893e31,822 Lai Chi Kok Road,90.0
MD_B000007239,B000007239,B000007239,Centre 600,3502b097-fcec-4767-a333-23e445287e46,3502b097-fcec-4767-a333-23e445287e46,Centre 600,90.0
MD_B000068495,B000068495,B000068495,Ceo Tower,4d19b981-bffd-4f37-90f7-a9cecae8e9d2,4d19b981-bffd-4f37-90f7-a9cecae8e9d2,CEO Tower,90.0
MD_B000007240,B000007240,B000007240,Charm Centre,b2ff1a22-e1ae-423a-9e4d-48de5b8cc211,b2ff1a22-e1ae-423a-9e4d-48de5b8cc211,Charm Centre,90.0
MD_B000007241,B000007241,B000007241,China United Plaza,f4a38a75-d17d-48d5-8622-c0148bc1b3ae,f4a38a75-d17d-48d5-8622-c0148bc1b3ae,China United Plaza,90.0
MD_B000053057,B000053057,B000053057,Clifford Centre,8c646fe5-1f95-4cb1-b269-9c13197e2e70,8c646fe5-1f95-4cb1-b269-9c13197e2e70,Clifford Centre,77.6
MD_B000007243,B000007243,B000007243,Cre Centre,7414b004-ba0f-43bd-9c06-a25179863e77,7414b004-ba0f-43bd-9c06-a25179863e77,CRE Centre,90.0
MD_B000007244,B000007244,B000007244,Dragon Industrial Building,bb850bf0-13af-4552-880c-a17f475cebf9,bb850bf0-13af-4552-880c-a17f475cebf9,Dragon Industrial Building,90.0
MD_B000007245,B000007245,B000007245,Elite Industrial Centre,b695b770-cff3-4963-abd4-ccce59f19bb0,b695b770-cff3-4963-abd4-ccce59f19bb0,Elite Industrial Centre,90.0
MD_B000007935,B000007935,B000007935,Fashion Centre,b143d39a-7cc6-4039-9e2f-478affdb3039,b143d39a-7cc6-4039-9e2f-478affdb3039,Fashion Centre,90.0
MD_B000019099,B000019099,B000019099,Fast Industrial Building,51707442-6080-48b2-9914-5f839bbde50b,51707442-6080-48b2-9914-5f839bbde50b,Fast Industrial Building,90.0
MD_B000020382,B000020382,B000020382,Ford Glory Plaza,b40ccfea-f17e-4b31-a7b1-03ab04723a77,b40ccfea-f17e-4b31-a7b1-03ab04723a77,Ford Glory Plaza,90.0
MD_B000019358,B000019358,B000019358,Fung Wah Factorial Building,11e3916b-a302-4835-930a-094dacc697c5,11e3916b-a302-4835-930a-094dacc697c5,Fung Wah Factorial Building,88.2
MD_B000019390,B000019390,B000019390,Garment Centre,6f4f463b-5755-4398-8c36-b3ca407f56cb,6f4f463b-5755-4398-8c36-b3ca407f56cb,Garment Centre,90.0
MD_B000079730,B000079730,B000079730,Global Gateway Tower,a2b2baef-13b9-4a53-ab0e-8b7fb61f8d87,a2b2baef-13b9-4a53-ab0e-8b7fb61f8d87,Global Gateway Tower,88.6
MD_B000007915,B000007915,B000007915,Hong Kong Industrial Centre Block A,ed57b856-90c1-4fcd-a950-7fb02ba84ec9,ed57b856-90c1-4fcd-a950-7fb02ba84ec9,HK Industrial Centre Block A,86.4
MD_B000007916,B000007916,B000007916,Hong Kong Industrial Centre Block B,7a337442-7754-4919-9001-167e11e6f648,7a337442-7754-4919-9001-167e11e6f648,HK Industrial Centre Block B,86.4
MD_B000007918,B000007918,B000007918,Hong Kong Industrial Centre Block C,018bb3b8-b63c-4131-b697-db99d9581076,018bb3b8-b63c-4131-b697-db99d9581076,HK Industrial Centre Block C,86.4
MD_B000007929,B000007929,B000007929,Hong Kong Spinners Industrial Building Phase V,fa4e62b4-9b5a-4087-b12a-e692a1d9a145,fa4e62b4-9b5a-4087-b12a-e692a1d9a145,HK Spinners Industrial Building V,87.0
MD_B000007924,B000007924,B000007924,"Hong Kong Spinners Industrial Building, Phases I & Ii",4db31a92-3da2-498f-a9a5-e515a15de2b9,4db31a92-3da2-498f-a9a5-e515a15de2b9,HK Spinners Industrial Building I & II,80.0
MD_B000007237,B000007237,B000007237,Hop Hing Industrial Building,20920e03-1e3f-4e33-aa06-835b85ed70b8,20920e03-1e3f-4e33-aa06-835b85ed70b8,Hop Hing Industrial Building,88.2
MD_B000020168,B000020168,B000020168,Hung Cheong Factory Building,eacf201b-d077-45ad-9a4b-82d84017ba5d,eacf201b-d077-45ad-9a4b-82d84017ba5d,Hung Cheong Factory Building,82.8
MD_B000007238,B000007238,B000007238,Ka To Factory Building,326c9773-496a-47cf-b204-99845bdcc109,326c9773-496a-47cf-b204-99845bdcc109,Ka To Factory Building,90.0
MD_B000021021,B000021021,B000021021,Kwong Tai Factory Building,c48f4a8c-2aae-4e6e-92e8-733ff39ba78f,c48f4a8c-2aae-4e6e-92e8-733ff39ba78f,Kwong Tai Factory Building,90.0
MD_B000021421,B000021421,B000021421,Long To Building,cadfd7c7-8c80-4027-b1b7-abdc15671408,cadfd7c7-8c80-4027-b1b7-abdc15671408,Long To Building,90.0
MD_B000021477,B000021477,B000021477,Luen Hing Factory Building,8298ef72-4506-4613-b0d3-47c6fd0de4da,8298ef72-4506-4613-b0d3-47c6fd0de4da,Luen Hing Factory Building,90.0
MD_B000022098,B000022098,B000022098,New Timely Factory Building,7563deaf-d0b2-43ca-bb5d-209c0e0bbfb9,7563deaf-d0b2-43ca-bb5d-209c0e0bbfb9,New Timely Factory Building,90.0
MD_B000101679,B000101679,B000101679,One Two One,70e30d87-c7f5-4531-b27e-aa6fb7a4b505,70e30d87-c7f5-4531-b27e-aa6fb7a4b505,One Two One,90.0
MD_B000094024,B000094024,B000094024,Orient International Tower,621ffa84-93bb-4a3e-ac61-765440aab4ac,621ffa84-93bb-4a3e-ac61-765440aab4ac,Orient International Tower,90.0
MD_B000022467,B000022467,B000022467,Peakcastle,0df2000d-a7df-4eed-9e96-5d85e6a6f2b8,0df2000d-a7df-4eed-9e96-5d85e6a6f2b8,PeakCastle,90.0
MD_B000007229,B000007229,B000007229,Premier Centre,5f47e229-2cce-40a8-a575-33a0cd37a3f3,5f47e229-2cce-40a8-a575-33a0cd37a3f3,Premier Centre,90.0
MD_B000094023,B000094023,B000094023,Prowell Asia Centre,5b259c84-4ed6-4fe9-b8be-bec9386f5b33,5b259c84-4ed6-4fe9-b8be-bec9386f5b33,Prowell Asia Centre,90.0
MD_B000007231,B000007231,B000007231,Siu Wai Industrial Centre,31b1b3ce-c72a-4d07-ade1-8a42ca0ed43a,31b1b3ce-c72a-4d07-ade1-8a42ca0ed43a,Siu Wai Industrial Centre,90.0
MD_B000077739,B000077739,B000077739,Tai Shing Factory Building,de043aa5-0e36-4332-a4a5-a5910fbda9a2,de043aa5-0e36-4332-a4a5-a5910fbda9a2,Tai Shing Industrial Building,79.19999999999999
MD_B000094022,B000094022,B000094022,Vita Green Tower,70ffdef1-c1c2-4977-872a-eb6ee11565e7,70ffdef1-c1c2-4977-872a-eb6ee11565e7,Vita Green Tower,90.0
MD_B000007235,B000007235,B000007235,Vogue Centre,9db46fe8-686d-4a5f-8560-92f51c711c26,9db46fe8-686d-4a5f-8560-92f51c711c26,Vogue Centre,90.0
MD_B000081664,B000081664,B000081664,W668,998487f2-12d6-4299-8cde-7b530a0ccaca,998487f2-12d6-4299-8cde-7b530a0ccaca,W668,82.0
MD_B000024612,B000024612,B000024612,Wah Shing Industrial Building,1b22d5ed-7284-4d0f-ba5c-10d4e2c89223,1b22d5ed-7284-4d0f-ba5c-10d4e2c89223,Yee Wah Industrial Building,77.0
MD_B000007236,B000007236,B000007236,Wing Hong Centre,b2258671-ace6-4e33-8b75-a49e3da31b6d,b2258671-ace6-4e33-8b75-a49e3da31b6d,Wing Hong Centre,90.0
MD_B000025310,B000025310,B000025310,Yee Tak Factory Building,a3a36a1d-416a-4abc-bb57-3448e995aada,a3a36a1d-416a-4abc-bb57-3448e995aada,Yee Tak Factory Building,90.0
MD_B000025402,B000025402,B000025402,Ying Tung Industrial Building,135a282e-abbc-4c6a-bae3-995158e1d431,135a282e-abbc-4c6a-bae3-995158e1d431,Ying Tung Industrial Building,90.0
MD_B000025555,B000025555,B000025555,Yuen Shing Industrial Building,d253ffab-f5ea-4395-8e50-9a584f016f02,d253ffab-f5ea-4395-8e50-9a584f016f02,Yuen Shing Industrial Building,90.0
MD_B000007488,B000007488,B000007488,Eldex Industrial Building,4235d548-c561-4773-8232-77819498ad08,4235d548-c561-4773-8232-77819498ad08,Eldex Industrial Building,90.0
MD_B000007768,B000007768,B000007768,Focal Industrial Centre Block A,dc6f626f-2688-4665-8f7a-f8a2d6ef0632,dc6f626f-2688-4665-8f7a-f8a2d6ef0632,Focal Industrial Centre A,90.0
MD_B000007769,B000007769,B000007769,Focal Industrial Centre Block B,1d04d1aa-565e-4fd6-9289-717b029c717e,1d04d1aa-565e-4fd6-9289-717b029c717e,Focal Industrial Centre B,90.0
MD_B000007485,B000007485,B000007485,Fu Hang Industrial Building,249c3d28-d00e-4400-a8e0-32bc91d12f95,249c3d28-d00e-4400-a8e0-32bc91d12f95,Fu Hang Industrial Building,90.0
MD_B000007489,B000007489,B000007489,Guardforce Centre,916ca4b8-fa2e-4c7e-8799-db6efee48ef4,916ca4b8-fa2e-4c7e-8799-db6efee48ef4,Guardforce Centre,90.0
MD_B000007891,B000007891,B000007891,Harbour Centre Tower 1,c7c3a2c8-439a-48af-8664-802d193fa592,c7c3a2c8-439a-48af-8664-802d193fa592,Harbour Centre Tower 1,90.0
MD_B000007892,B000007892,B000007892,Harbour Centre Tower 2,c011f7a2-d451-4dc7-b669-5fddc6bafe11,c011f7a2-d451-4dc7-b669-5fddc6bafe11,Harbour Centre Tower 2,90.0
MD_B000019657,B000019657,B000019657,Heng Ngai Jewelry Centre,e86c77fa-9913-44a3-aa96-fb88fc5c87f2,e86c77fa-9913-44a3-aa96-fb88fc5c87f2,Heng Ngai Jewelry Centre,88.4
MD_B000007486,B000007486,B000007486,Hilder Centre,1aad41e2-61b1-4a40-989c-9c2a2bec24df,1aad41e2-61b1-4a40-989c-9c2a2bec24df,Hilder Centre,90.0
MD_B000007168,B000007168,B000007168,Kaiser Estate 2nd Phase,5c491450-6e7d-4f96-83d5-676deec5fc26,5c491450-6e7d-4f96-83d5-676deec5fc26,Kaiser Estate Phase II,79.0
MD_B000007169,B000007169,B000007169,Kaiser Estate 3rd Phase,b9e1e493-4aa8-44f3-b563-26ba295afc6c,b9e1e493-4aa8-44f3-b563-26ba295afc6c,Kaiser Estate Phase III,83.0
MD_B000054107,B000054107,B000054107,Kaiser Estate Phase 1,d7e30cbe-99cd-4fc1-891a-01c8ca4680fa,d7e30cbe-99cd-4fc1-891a-01c8ca4680fa,Kaiser Estate Phase I,87.0
MD_B000022089,B000022089,B000022089,New Lee Wah Centre,169e214f-e32a-437d-ac6c-bacbd061327f,169e214f-e32a-437d-ac6c-bacbd061327f,New Lee Wah Centre,90.0
MD_B000023549,B000023549,B000023549,Sui Ying Industrial Building,af5af3e2-8d8d-43e2-ac04-f50c295d3176,af5af3e2-8d8d-43e2-ac04-f50c295d3176,Sui Ying Industrial Building,83.0
MD_B000018309,B000018309,B000018309,Canny Industrial Building,c3320203-df17-4d2f-870d-a59177dfab2b,c3320203-df17-4d2f-870d-a59177dfab2b,Canny Industrial Building,90.0
MD_B000103151,B000103151,B000103151,Horizon East,a6e138ea-b534-41e5-a45c-8dc961f9e11a,a6e138ea-b534-41e5-a45c-8dc961f9e11a,Horizon East,90.0
MD_B000021164,B000021164,B000021164,Laurels Industrial Centre,12edef33-67d3-4055-80ac-512fa790091d,12edef33-67d3-4055-80ac-512fa790091d,Laurels Industrial Centre,90.0
MD_B000021509,B000021509,B000021509,Luk Hop Industrial Building,45a65017-4157-4201-bd74-a9b8b36db79e,45a65017-4157-4201-bd74-a9b8b36db79e,Luk Hop Industrial Building,90.0
MD_B000021792,B000021792,B000021792,Max Trade Centre,e47ed271-2b8b-4c58-8abe-e581de17e9a3,e47ed271-2b8b-4c58-8abe-e581de17e9a3,Max Trade Centre,90.0
MD_B000062682,B000062682,B000062682,Midas Plaza,2e81133d-4df4-4c59-a787-c69965df2bbd,2e81133d-4df4-4c59-a787-c69965df2bbd,Midas Plaza,90.0
MD_B000022097,B000022097,B000022097,New Tech Plaza,a6419b65-790a-4955-a4dc-1ae8760c17b9,a6419b65-790a-4955-a4dc-1ae8760c17b9,New Tech Plaza,90.0
MD_B000025014,B000025014,B000025014,Wing Sum Factory Building No.2,d8470c93-d211-4491-81df-b88d978520a7,d8470c93-d211-4491-81df-b88d978520a7,Wing Yu Factory Building,75.4
MD_B000025128,B000025128,B000025128,Wong King Industrial Building,c4283b5a-41b7-4cf0-861e-5b8375f43bbd,c4283b5a-41b7-4cf0-861e-5b8375f43bbd,Wong King Industrial Building,84.0
MD_B000007896,B000007896,B000007896,1 Hung To Road,7dc91941-3a39-4a77-92e9-125903fce579,7dc91941-3a39-4a77-92e9-125903fce579,1 Hung To Road,90.0
MD_B000018063,B000018063,B000018063,Air Goal Cargo Building,584861cf-fed8-4d70-859f-2dbeee1940bb,584861cf-fed8-4d70-859f-2dbeee1940bb,Air Goal Cargo Building,90.0
MD_B000007501,B000007501,B000007501,Assun Pacific Centre,1e4449ef-5bd4-45fb-a0fa-c4ea90e82628,1e4449ef-5bd4-45fb-a0fa-c4ea90e82628,Assun Pacific Centre,90.0
MD_B000007046,B000007046,B000007046,Billion Trade Centre,1c6cddbd-8229-402f-aecf-866b9b9e7526,1c6cddbd-8229-402f-aecf-866b9b9e7526,Billion Trade Centre,90.0
MD_B000007776,B000007776,B000007776,Camelpaint Building Block I,23bb6eb8-8994-47a2-a73e-8061938b04fe,23bb6eb8-8994-47a2-a73e-8061938b04fe,Camelpaint Buildings Block I,88.8
MD_B000007777,B000007777,B000007777,Camelpaint Building Block Ii,64a7f537-2f53-477c-a397-057c6fadae37,64a7f537-2f53-477c-a397-057c6fadae37,Camelpaint Buildings Block II,88.8
MD_B000007778,B000007778,B000007778,Camelpaint Buildings Block Iii,9dda408f-cb39-44f9-9e3f-4ce9b87bead8,9dda408f-cb39-44f9-9e3f-4ce9b87bead8,Camelpaint Buildings Block III,90.0
MD_B000018311,B000018311,B000018311,Cantake Factory Building,83b1f750-2cc9-4246-a7c9-22f5e70ee5be,83b1f750-2cc9-4246-a7c9-22f5e70ee5be,Cantake Factory Building,90.0
MD_B000007100,B000007100,B000007100,Capital Trade Centre,dae89b41-f0ed-42a3-b747-6c5589f34504,dae89b41-f0ed-42a3-b747-6c5589f34504,Capital Trade Centre,90.0
MD_B000007102,B000007102,B000007102,Century Centre,5c024323-e38f-4513-b025-cfac24210df7,5c024323-e38f-4513-b025-cfac24210df7,Century Centre (KT),90.0
MD_B000018505,B000018505,B000018505,Cheung Hing Industrial Building,f7306c76-e2e4-4067-91ab-9fd678d9848f,f7306c76-e2e4-4067-91ab-9fd678d9848f,Cheung Hing Industrial Building (KT),90.0
MD_B000007493,B000007493,B000007493,China Aerospace Centre,5e3a5ae1-5f1d-4af1-80a9-a367f13ae158,5e3a5ae1-5f1d-4af1-80a9-a367f13ae158,China Aerospace Centre,90.0
MD_B000007104,B000007104,B000007104,China-trade Centre,042eaa50-b63c-4e46-bec7-5f6f312a4559,042eaa50-b63c-4e46-bec7-5f6f312a4559,China-Trade Centre,90.0
MD_B000018709,B000018709,B000018709,Chuan Yuan Factory Building,41d40e94-0de2-4ee6-885d-0bd919831033,41d40e94-0de2-4ee6-885d-0bd919831033,Chuan Yuan Factory Building,90.0
MD_B000007831,B000007831,B000007831,Chung Mei Centre Block A,0a7bb136-1cd5-4203-ac81-51880546abe2,0a7bb136-1cd5-4203-ac81-51880546abe2,Chung Mei Centre,80.6
MD_B000059602,B000059602,B000059602,Continental Electric Building,c5be42e8-3a8e-48b8-ad99-601eb4564f2b,c5be42e8-3a8e-48b8-ad99-601eb4564f2b,Continental Electric Industrial Building,86.6
MD_B000007492,B000007492,B000007492,Crown Industrial Building,a802d6c0-ae81-41a4-8f34-7cc38d2407a7,a802d6c0-ae81-41a4-8f34-7cc38d2407a7,Crown Industrial Building,90.0
MD_B000018915,B000018915,B000018915,Dah Way Industrial Building,d0ac790a-2279-4789-a2b2-7f283163a817,d0ac790a-2279-4789-a2b2-7f283163a817,Dah Way Industrial Building (Revitalised),90.0
MD_B000018911,B000018911,B000018911,Dj Building,dc0f32fa-dc0d-4f5b-a60b-ea7d2de5c81b,dc0f32fa-dc0d-4f5b-a60b-ea7d2de5c81b,D. J. Building,87.6
MD_B000007099,B000007099,B000007099,Entrepot Centre,87b916b1-cdfd-4944-9143-fccb7b6ce24b,87b916b1-cdfd-4944-9143-fccb7b6ce24b,Entrepot Centre,90.0
MD_B000007109,B000007109,B000007109,Everest Industrial Centre,67ab26c7-4c4a-4370-9d52-bca31076fc0d,67ab26c7-4c4a-4370-9d52-bca31076fc0d,Everest Industrial Centre,90.0
MD_B000007897,B000007897,B000007897,Everwin Centre,8819f864-ade5-4f20-836d-9c4a04670ce4,8819f864-ade5-4f20-836d-9c4a04670ce4,Everwin Centre,90.0
MD_B000007523,B000007523,B000007523,Fook Hong Industrial Building,bcdd18b2-cdeb-4bf8-a969-800628dbe5e3,bcdd18b2-cdeb-4bf8-a969-800628dbe5e3,Fook Hong Industrial Building,90.0
MD_B000007101,B000007101,B000007101,Free Trade Centre,05c83b30-fe73-4eb5-8c92-a2f0c271fcbb,05c83b30-fe73-4eb5-8c92-a2f0c271fcbb,Free Trade Centre,90.0
MD_B000019325,B000019325,B000019325,Fully Industrial Building,409904ec-f725-4ded-9dad-03d516b755ab,409904ec-f725-4ded-9dad-03d516b755ab,Fully Industrial Building,90.0
MD_B000076260,B000076260,B000076260,Fun Tower,65c4fa5d-742b-462e-8655-197a8bedbf82,65c4fa5d-742b-462e-8655-197a8bedbf82,Fun Tower,90.0
MD_B000019369,B000019369,B000019369,Fung Yip Industrial Building,654e63a6-20b4-44f9-83db-00235de4a441,654e63a6-20b4-44f9-83db-00235de4a441,Fung Yip Industrial Building,90.0
MD_B000019402,B000019402,B000019402,Gee Lok Industrial Building,18a7b2b1-09d4-4dfe-9935-de8800278363,18a7b2b1-09d4-4dfe-9935-de8800278363,Gee Lok Industrial Building,90.0
MD_B000007096,B000007096,B000007096,Hewlett Centre,58ead5c2-afdb-46bc-ba06-9b8466610015,58ead5c2-afdb-46bc-ba06-9b8466610015,Hewlett Centre,85.2
MD_B000019816,B000019816,B000019816,High Win Factory Building,262dc236-e32e-4ae9-b840-d8be9f016dd9,262dc236-e32e-4ae9-b840-d8be9f016dd9,High Win Factory Building,88.2
MD_B000019912,B000019912,B000019912,Hing Yip Centre,edeb2ca9-78d1-4743-9539-aa2411facfa1,edeb2ca9-78d1-4743-9539-aa2411facfa1,Hing Yip Centre (KT),90.0
MD_B000019956,B000019956,B000019956,Hoi Bun Industrial Building,5d7f5ef2-fde5-4861-a2f7-13a39841acc3,5d7f5ef2-fde5-4861-a2f7-13a39841acc3,Hoi Bun Industrial Building,90.0
MD_B000007772,B000007772,B000007772,Hoi Luen Industrial Centre Block A,de8170cd-3c30-417c-83b7-515cfeeeb9e3,de8170cd-3c30-417c-83b7-515cfeeeb9e3,Hoi Luen Industrial Centre Block A,90.0
MD_B000007773,B000007773,B000007773,Hoi Luen Industrial Centre Block B,cb694adb-0e00-426e-be7d-e8244e091ecd,cb694adb-0e00-426e-be7d-e8244e091ecd,Hoi Luen Industrial Centre Block B,90.0
MD_B000020064,B000020064,B000020064,Hong Leong Industrial Complex,1cd7a402-4450-462a-8f62-d37132ac0396,1cd7a402-4450-462a-8f62-d37132ac0396,Hong Leong Industrial Complex,90.0
MD_B000007224,B000007224,B000007224,Hope Sea Industrial Centre,73cf8ac1-c376-4f47-a6bc-a9ecabcdc691,73cf8ac1-c376-4f47-a6bc-a9ecabcdc691,Hope Sea Industrial Centre,90.0
MD_B000007107,B000007107,B000007107,Hung Tai Industrial Building,dae4e435-19c0-453e-9178-47d1068b1a71,dae4e435-19c0-453e-9178-47d1068b1a71,Hung Tai Industrial Building,90.0
MD_B000007108,B000007108,B000007108,Hung Tat Industrial Building,41196d16-5a55-4111-944f-ddac5f671c16,41196d16-5a55-4111-944f-ddac5f671c16,Hung Tat Industrial Building,90.0
MD_B000020210,B000020210,B000020210,Hung To Industrial Building,8d2e1e2e-2382-42df-ac3c-290686a2e24e,8d2e1e2e-2382-42df-ac3c-290686a2e24e,Hung To Industrial Building,90.0
MD_B000059655,B000059655,B000059655,International Industrial Building,181de1a4-460e-49a4-9688-f295115ee256,181de1a4-460e-49a4-9688-f295115ee256,International Industrial Building (KT),90.0
MD_B000059714,B000059714,B000059714,Jc Tower,2971bb22-e210-4980-ac9f-8d791949e6aa,2971bb22-e210-4980-ac9f-8d791949e6aa,JC Tower,90.0
MD_B000020309,B000020309,B000020309,Jing Hin Industrial Building,79893934-bd5a-4150-86b0-ae274c10ac76,79893934-bd5a-4150-86b0-ae274c10ac76,K.K. Industrial Building,78.2
MD_B000020316,B000020316,B000020316,Joint Venture Factory Building,d52e611f-0ddc-471b-88e6-50e4ce508d65,d52e611f-0ddc-471b-88e6-50e4ce508d65,Joint Venture Factory Building,90.0
MD_B000020345,B000020345,B000020345,Jumbo Industrial Building,1fd859e1-dd0d-4a2f-ba47-daf614a71d07,1fd859e1-dd0d-4a2f-ba47-daf614a71d07,Jumbo Industrial Building,90.0
MD_B000020398,B000020398,B000020398,Kader Building,850dfbeb-eb43-4e94-b4c6-62eeefbec795,850dfbeb-eb43-4e94-b4c6-62eeefbec795,Kader Building,90.0
MD_B000007521,B000007521,B000007521,Kai Fuk Industrial Centre,a7e2e173-fb0b-4d28-a0b5-d853a940a913,a7e2e173-fb0b-4d28-a0b5-d853a940a913,Kai Fuk Industrial Centre,90.0
MD_B000020484,B000020484,B000020484,Kam Hon Industrial Building,8e58119d-7f3a-4efb-9721-09efe20abec9,8e58119d-7f3a-4efb-9721-09efe20abec9,Kam Hon Industrial Building,90.0
MD_B000020624,B000020624,B000020624,Kenning Industrial Building,a07c0f6b-3d19-4d70-a3fc-ab8594210c19,a07c0f6b-3d19-4d70-a3fc-ab8594210c19,Kenning Industrial Building,90.0
MD_B000020704,B000020704,B000020704,Kinetic Industrial Centre,77df9795-bc83-4972-a243-4bd3ec55bc32,77df9795-bc83-4972-a243-4bd3ec55bc32,Kinetic Industrial Centre,88.4
MD_B000007504,B000007504,B000007504,King Yip Factory Building,b4657a17-6eb3-4adc-b16b-51534cb62ea7,b4657a17-6eb3-4adc-b16b-51534cb62ea7,King Yip Factory Building,90.0
MD_B000020772,B000020772,B000020772,Kingsford Industrial Centre,a1cd5886-98f8-4687-92f9-ac71eb92cc30,a1cd5886-98f8-4687-92f9-ac71eb92cc30,Kingsford Industrial Centre (KB),88.2
MD_B000020818,B000020818,B000020818,Ko Leung Factory Building,a2ed3011-4792-4011-98cd-6ec55e1ec973,a2ed3011-4792-4011-98cd-6ec55e1ec973,Ko Leung Factory Building,90.0
MD_B000007522,B000007522,B000007522,Kowloon Bay Industrial Centre,d87aa59e-cbcb-4934-89d6-e38ec066a05f,d87aa59e-cbcb-4934-89d6-e38ec066a05f,Kowloon Bay Industrial Centre,90.0
MD_B000020879,B000020879,B000020879,Kras Asia Industrial Building,26ab7e52-fc6c-447c-bada-b9ab858562aa,26ab7e52-fc6c-447c-bada-b9ab858562aa,Kras Asia Industrial Building,90.0
MD_B000007103,B000007103,B000007103,Kwong Sang Hong Centre,cc048ec9-dcc9-42e9-94e3-59348575fba9,cc048ec9-dcc9-42e9-94e3-59348575fba9,Kwong Sang Hong Centre,87.8
MD_B000007779,B000007779,B000007779,Kwun Tong Industrial Centre Block 1,e08e8401-b84a-4d7e-ad0d-610e54ecd574,e08e8401-b84a-4d7e-ad0d-610e54ecd574,Kwun Tong Industrial Centre Block 1,90.0
MD_B000007780,B000007780,B000007780,Kwun Tong Industrial Centre Block 2,82e4692b-efa2-47f6-b51b-6cea18e3dfd8,82e4692b-efa2-47f6-b51b-6cea18e3dfd8,Kwun Tong Industrial Centre Block 2,90.0
MD_B000007781,B000007781,B000007781,Kwun Tong Industrial Centre Block 3,beafe89a-4886-4725-a405-cc081a771fb5,beafe89a-4886-4725-a405-cc081a771fb5,Kwun Tong Industrial Centre Block 3,90.0
MD_B000007782,B000007782,B000007782,Kwun Tong Industrial Centre Block 4,2f44dbf1-1396-4f4c-bb13-b9efb4c94252,2f44dbf1-1396-4f4c-bb13-b9efb4c94252,Kwun Tong Industrial Centre Block 4,90.0
MD_B000007805,B000007805,B000007805,Lemmi Centre,9c97f89d-7ecf-4dc5-9a2b-06d5cb1bd27f,9c97f89d-7ecf-4dc5-9a2b-06d5cb1bd27f,Lemmi Centre,90.0
MD_B000007094,B000007094,B000007094,Lladro Building,4b5adb80-e6ea-4c15-922d-157457d5090f,4b5adb80-e6ea-4c15-922d-157457d5090f,Lladro Building,90.0
MD_B000021376,B000021376,B000021376,Lok Kui Industrial Building,8063c3c7-d492-4483-bb18-115e844b3586,8063c3c7-d492-4483-bb18-115e844b3586,Lok Kui Industrial Building,90.0
MD_B000021597,B000021597,B000021597,Mai Gar Industrial Building,aaa443dd-f1a1-403d-b45d-b8128f1630df,aaa443dd-f1a1-403d-b45d-b8128f1630df,Mai Gar Industrial Building,83.6
MD_B000021613,B000021613,B000021613,Mai Tak Industrial Building,8184c31c-7a72-4ad9-ac4d-f1f94d940362,8184c31c-7a72-4ad9-ac4d-f1f94d940362,Mai Tak Industrial Building,90.0
MD_B000007902,B000007902,B000007902,Metro Centre,0b66d3f7-f2ac-41d0-b5dc-a94a84e4e849,0b66d3f7-f2ac-41d0-b5dc-a94a84e4e849,Metro Centre,90.0
MD_B000007905,B000007905,B000007905,Metro Centre Ii,3b33e451-b1da-47f1-97c2-606f0609952d,3b33e451-b1da-47f1-97c2-606f0609952d,Metro Centre II,90.0
MD_B000022407,B000022407,B000022407,Pacific Trade Centre,153d9a40-0913-45cb-9f73-fad04e72d3da,153d9a40-0913-45cb-9f73-fad04e72d3da,Pacific Trade Centre,90.0
MD_B000007223,B000007223,B000007223,Po Lung Centre,c27a005d-04d7-4ce2-8de8-08ae298963e5,c27a005d-04d7-4ce2-8de8-08ae298963e5,Po Lung Centre,90.0
MD_B000007045,B000007045,B000007045,Ray Centre,784f2a6b-0e83-4313-88a7-094d8b8a8801,784f2a6b-0e83-4313-88a7-094d8b8a8801,Ray Centre,90.0
MD_B000007494,B000007494,B000007494,Ricky Centre,9b4f75a5-51ed-403c-aef5-ba6cfe669eca,9b4f75a5-51ed-403c-aef5-ba6cfe669eca,Ricky Centre,90.0
MD_B000023406,B000023406,B000023406,Room + Kwun Tong,5fd622d0-9329-4ac2-a7af-c62ef0857e23,5fd622d0-9329-4ac2-a7af-c62ef0857e23,Room Kwun Tong,90.0
MD_B000007111,B000007111,B000007111,Seaview Centre,1ffc378d-4473-4217-ad60-9eaafcfb8d67,1ffc378d-4473-4217-ad60-9eaafcfb8d67,Seaview Centre,90.0
MD_B000007495,B000007495,B000007495,Shing Yip Industrial Building,7420179b-07ba-4ba4-85e5-65e47de5247a,7420179b-07ba-4ba4-85e5-65e47de5247a,Yip Shing Industrial Centre,81.0
MD_B000007508,B000007508,B000007508,Shiu Fat Industrial Building,83fd0701-6f71-4b08-98e4-390c1748ad86,83fd0701-6f71-4b08-98e4-390c1748ad86,Shiu Fat Industrial Building,90.0
MD_B000023409,B000023409,B000023409,Sino Industrial Plaza,fa68b7f8-c504-4237-8216-6a6dc2bc9a9b,fa68b7f8-c504-4237-8216-6a6dc2bc9a9b,Sino Industrial Plaza,90.0
MD_B000059712,B000059712,B000059712,Southtex Building,4f98ef41-7ea3-42e2-b00c-c21505075a03,4f98ef41-7ea3-42e2-b00c-c21505075a03,Southtex Building,90.0
MD_B000023474,B000023474,B000023474,Speedy Industrial Building,aada28c5-8315-4ffc-8a34-d2cbb85d8b4e,aada28c5-8315-4ffc-8a34-d2cbb85d8b4e,Speedy Industrial Building,90.0
MD_B000007095,B000007095,B000007095,Sunbeam Centre,6372f7ff-5b9e-4fe8-a992-b1d2a8ac6338,6372f7ff-5b9e-4fe8-a992-b1d2a8ac6338,Sunbeam Centre,90.0
MD_B000021791,B000021791,B000021791,The Icon,f92f9ae7-8944-46ee-b7bd-7baa996c78fd,f92f9ae7-8944-46ee-b7bd-7baa996c78fd,THE ICON,90.0
MD_B000023542,B000023542,B000023542,The Ozone,fe006b5e-259d-4d8e-a03b-d8f42581918f,fe006b5e-259d-4d8e-a03b-d8f42581918f,THE OZONE,90.0
MD_B000007862,B000007862,B000007862,Tonic Industrial Centre Block A,c973f27d-29ee-4839-9d63-3e121953f923,c973f27d-29ee-4839-9d63-3e121953f923,Tonic Industrial Centre Block A,90.0
MD_B000007864,B000007864,B000007864,Tonic Industrial Centre Block B,a817ae73-3d1b-4172-9850-2ffa426ca628,a817ae73-3d1b-4172-9850-2ffa426ca628,Tonic Industrial Centre Block B,90.0
MD_B000007500,B000007500,B000007500,Treasure Centre,c7fefca3-ddb1-4fb2-903b-dd425713e43b,c7fefca3-ddb1-4fb2-903b-dd425713e43b,Treasure Centre,90.0
MD_B000024438,B000024438,B000024438,Viet Shing Factory Building,2504913a-27c0-4ede-999d-a7e046e14f7d,2504913a-27c0-4ede-999d-a7e046e14f7d,Viet Shing Factory Building,90.0
MD_B000007105,B000007105,B000007105,Wah Hung Center,2b09903c-69de-4196-9cd8-0581ac223f6b,2b09903c-69de-4196-9cd8-0581ac223f6b,Wah Hung Center,90.0
MD_B000007775,B000007775,B000007775,Wah Shing Centre,2fbcee5b-16ba-43f8-8fb1-faa288a8c092,2fbcee5b-16ba-43f8-8fb1-faa288a8c092,Wah Shing Centre (KT),90.0
MD_B000007112,B000007112,B000007112,Winful Centre,ba370b21-d79d-411d-a9f2-fad29a0d02eb,ba370b21-d79d-411d-a9f2-fad29a0d02eb,Winful Centre,90.0
MD_B000025072,B000025072,B000025072,Winner Factory Building,0114184e-a5b2-45f3-b0e3-88c7bb805c9a,0114184e-a5b2-45f3-b0e3-88c7bb805c9a,Winner Factory Building,90.0
MD_B000007106,B000007106,B000007106,World Tech Centre,aa968a76-5229-4a74-b212-6137659775ae,aa968a76-5229-4a74-b212-6137659775ae,World Tech Centre,90.0
MD_B000025278,B000025278,B000025278,Yau Tong Industrial City Block A,51b740fe-b340-4c64-a507-89eaa3e29fc3,51b740fe-b340-4c64-a507-89eaa3e29fc3,Yau Tong Industrial City Block A,90.0
MD_B000059809,B000059809,B000059809,Yau Tong Industrial City Block B,8deb4a44-41c3-4233-a3e4-b1cc7287eaad,8deb4a44-41c3-4233-a3e4-b1cc7287eaad,Yau Tong Industrial City Block B,90.0
MD_B000018089,B000018089,B000018089,Amiata Industrial Building,2ec0678a-2718-47ae-a7f3-87af74caf76d,2ec0678a-2718-47ae-a7f3-87af74caf76d,Amiata Industrial Building,90.0
MD_B000018122,B000018122,B000018122,Asia Trade Centre,72fcd097-53bd-4aa1-90e8-0cf63ee645ad,72fcd097-53bd-4aa1-90e8-0cf63ee645ad,Asia Trade Centre (KC),90.0
MD_B000007796,B000007796,B000007796,Block 1 Kwai Tak Industrial Centre,638fa9cb-c858-4246-80c7-aaf40751847a,638fa9cb-c858-4246-80c7-aaf40751847a,Kwai Tak Industrial Centre Phase 1,84.0
MD_B000007797,B000007797,B000007797,Block 2 Kwai Tak Industrial Centre,163fe9c7-2752-4597-b5c6-1c1acb127ac9,163fe9c7-2752-4597-b5c6-1c1acb127ac9,Kwai Tak Industrial Centre Phase 2,84.0
MD_B000018409,B000018409,B000018409,Che Wah Industrial Building,38d40905-aafb-4953-9907-fd8c0d1537c3,38d40905-aafb-4953-9907-fd8c0d1537c3,Che Wah Industrial Building,90.0
MD_B000059862,B000059862,B000059862,Chinabest International Centre,b31ba833-2f9e-48fc-ac40-690e4029635f,b31ba833-2f9e-48fc-ac40-690e4029635f,Chinabest International Centre,90.0
MD_B000018635,B000018635,B000018635,Ching Cheong Industrial Building,feb72da6-6403-4b4d-9b56-0314b1a6f7a9,feb72da6-6403-4b4d-9b56-0314b1a6f7a9,Ching Cheong Industrial Building,90.0
MD_B000018708,B000018708,B000018708,Chuan Kei Factory Building,8a481dfe-a811-414f-b6f7-894f6c184fd0,8a481dfe-a811-414f-b6f7-894f6c184fd0,Chuan Kei Factory Building,90.0
MD_B000019108,B000019108,B000019108,Favor Industrial Centre,70c03e8d-b441-4ff9-95ab-8247cb8f6062,70c03e8d-b441-4ff9-95ab-8247cb8f6062,Favor Industrial Centre,90.0
MD_B000007119,B000007119,B000007119,Fook Yip Building,8d3b13f4-19c7-4ba3-af24-a541bf90811d,8d3b13f4-19c7-4ba3-af24-a541bf90811d,Fook Yip Building,90.0
MD_B000019441,B000019441,B000019441,Gold King Industrial Building,3c67159f-5dd5-4e20-a8b4-83d1a3d08712,3c67159f-5dd5-4e20-a8b4-83d1a3d08712,Gold King Industrial Building,90.0
MD_B000019449,B000019449,B000019449,Gold Way Industrial Centre Block A,a556c491-3fc8-47b8-9cce-151099e48182,a556c491-3fc8-47b8-9cce-151099e48182,Gold Way Industrial Centre A,90.0
MD_B000059562,B000059562,B000059562,Gold Way Industrial Centre Block B,de4c79fe-b6f1-410b-a7e8-ad4c8881badc,de4c79fe-b6f1-410b-a7e8-ad4c8881badc,Gold Way Industrial Centre B,90.0
MD_B000019467,B000019467,B000019467,Golden Industrial Building,d28cd3aa-fd38-4ff2-9a02-0913e5abc581,d28cd3aa-fd38-4ff2-9a02-0913e5abc581,Golden Industrial Building,90.0
MD_B000019481,B000019481,B000019481,Goldfield Industrial Building,defaf7b0-d910-496f-bccb-b790c711a980,defaf7b0-d910-496f-bccb-b790c711a980,Goldfield Industrial Building I,88.2
MD_B000019528,B000019528,B000019528,Grand Industrial Building,66c7532f-d520-45bc-9143-166d3e70e92e,66c7532f-d520-45bc-9143-166d3e70e92e,Grand Industrial Building,90.0
MD_B000007353,B000007353,B000007353,Hong Kong Worsted Mills Industrial Building,2eb48feb-5f5f-437c-912f-2b7ba0542e92,2eb48feb-5f5f-437c-912f-2b7ba0542e92,HK Worsted Mills Industrial Building,87.6
MD_B000020140,B000020140,B000020140,Hou Feng Industrial Building,4f6068f3-ffb2-407b-8031-4da5881371f1,4f6068f3-ffb2-407b-8031-4da5881371f1,Mai Sik Industrial Building,75.4
MD_B000104584,B000104584,B000104584,Icity Tower 1,b747b203-9e3d-4483-9733-2f8fe30dd6ed,b747b203-9e3d-4483-9733-2f8fe30dd6ed,iCITY,90.0
MD_B000018639,B000018639,B000018639,Jing Hin Industrial Building,9a39adc0-be23-48b3-b997-cab8784f89d0,9a39adc0-be23-48b3-b997-cab8784f89d0,Ching Hing Industrial Building,85.8
MD_B000020449,B000020449,B000020449,Kam Bun Industrial Building,ddbc056b-c624-45d9-9ba9-1b41007c7abd,ddbc056b-c624-45d9-9ba9-1b41007c7abd,Kam Bun Industrial Building,90.0
MD_B000020676,B000020676,B000020676,Kin Hing Industrial Building,e15bea70-698c-497e-82c8-e50137a1e8e1,e15bea70-698c-497e-82c8-e50137a1e8e1,Kin Hing Industrial Building,90.0
MD_B000059864,B000059864,B000059864,Kingsford Industrial Bldg. Phase Ii,7e580b6f-2df9-47fd-b95e-49148ca7730a,7e580b6f-2df9-47fd-b95e-49148ca7730a,Kingsford Industrial Building II,90.0
MD_B000020771,B000020771,B000020771,Kingsford Industrial Building Phase I,8d648d00-8a9e-4b7b-a97e-4816309240bd,8d648d00-8a9e-4b7b-a97e-4816309240bd,Kingsford Industrial Building I,90.0
MD_B000020836,B000020836,B000020836,Kong Sheng Factory Building,db12d312-bc5d-4815-a9d4-58265a4ffcd3,db12d312-bc5d-4815-a9d4-58265a4ffcd3,Kong Sheng Factory Building,89.0
MD_B000020853,B000020853,B000020853,Koon Wo Industrial Building,45fe8ce4-9a4b-421f-9f60-898d47d27d54,45fe8ce4-9a4b-421f-9f60-898d47d27d54,Koon Wo Industrial Building,90.0
MD_B000007030,B000007030,B000007030,Kwai Cheong Centre,93b37b8d-511c-4936-9f05-ad3d8eada20c,93b37b8d-511c-4936-9f05-ad3d8eada20c,Kwai Cheong Centre,77.6
MD_B000007031,B000007031,B000007031,Kwai Shun Industrial Centre,aaa3d2a6-9116-4c15-b486-366c0c51efb9,aaa3d2a6-9116-4c15-b486-366c0c51efb9,Kwai Shun Industrial Centre,90.0
MD_B000020949,B000020949,B000020949,Kwai Wan Industrial Building,86a8f519-0c72-4696-af13-3b4a5a1b0f28,86a8f519-0c72-4696-af13-3b4a5a1b0f28,Wah Wan Industrial Building,77.0
MD_B000020953,B000020953,B000020953,Kwai Wu Industrial Building,2837a5e8-51a0-43f1-8285-f647b94f4d1c,2837a5e8-51a0-43f1-8285-f647b94f4d1c,Kwai Wu Industrial Building,88.8
MD_B000021053,B000021053,B000021053,Lmk Development Estate,68cff5f4-4f80-4bd7-9dc7-219900fa514f,68cff5f4-4f80-4bd7-9dc7-219900fa514f,L.M.K. Development Estate,84.0
MD_B000021607,B000021607,B000021607,Mai Luen Industrial Building,96caf650-b792-4d78-982f-830fb6a0f94e,96caf650-b792-4d78-982f-830fb6a0f94e,Mai Luen Industrial Building,90.0
MD_B000021611,B000021611,B000021611,Mai Shun Industrial Building,0fe40ecc-9063-4372-b7f8-5180200edfca,0fe40ecc-9063-4372-b7f8-5180200edfca,Mai Shun Industrial Building,86.0
MD_B000021615,B000021615,B000021615,Mai Wah Industrial Building,dbc6b607-f0f9-4f03-8802-673d7b186b46,dbc6b607-f0f9-4f03-8802-673d7b186b46,Mai Wah Industrial Building,90.0
MD_B000021665,B000021665,B000021665,Man Lee Industrial Building,c4340c20-7fe1-478f-b6db-2409c84e98d6,c4340c20-7fe1-478f-b6db-2409c84e98d6,Man Lee Industrial Building,75.0
MD_B000021679,B000021679,B000021679,Man Shing Industrial Building,508f48a3-905f-4dfb-a175-1cb4d19ec0d0,508f48a3-905f-4dfb-a175-1cb4d19ec0d0,Man Shing Industrial Building,86.2
MD_B000021831,B000021831,B000021831,Mei Kei Industrial Building,2a4ca6e1-f519-4f3a-9c5c-9caaf32565b9,2a4ca6e1-f519-4f3a-9c5c-9caaf32565b9,Mei Kei Industrial Building,83.6
MD_B000056108,B000056108,B000056108,Metro Loft,de524bff-ac79-4eef-884a-022a7cb4cbd2,de524bff-ac79-4eef-884a-022a7cb4cbd2,Metro Loft,90.0
MD_B000021936,B000021936,B000021936,Mita Centre,46996fa6-54d3-43ce-a169-b4d3c970925b,46996fa6-54d3-43ce-a169-b4d3c970925b,Mita Centre,85.6
MD_B000022478,B000022478,B000022478,Park Sun Building,661e013f-abac-4c15-a70d-874eb3964576,661e013f-abac-4c15-a70d-874eb3964576,Park Sun Building,90.0
MD_B000007120,B000007120,B000007120,Profit Industrial Building,189edd65-5a16-48cc-a8e4-672a196f914c,189edd65-5a16-48cc-a8e4-672a196f914c,Profit Industrial Building,82.8
MD_B000007789,B000007789,B000007789,"Regent Centre, Tower A",80e870ee-2dc6-4143-a2d6-c8f55b12914d,80e870ee-2dc6-4143-a2d6-c8f55b12914d,Regent Centre A,90.0
MD_B000007790,B000007790,B000007790,"Regent Centre, Tower B",8ea09d58-b003-4d45-90ca-4e97f154b813,8ea09d58-b003-4d45-90ca-4e97f154b813,Regent Centre B,90.0
MD_B000007113,B000007113,B000007113,Riley House,5c7e69ee-eb7e-48f5-8732-0c644155c90e,5c7e69ee-eb7e-48f5-8732-0c644155c90e,Riley House,90.0
MD_B000007114,B000007114,B000007114,Roxy Industrial Centre,1d3fbf62-7298-4889-a571-72b064e742e6,1d3fbf62-7298-4889-a571-72b064e742e6,Roxy Industrial Centre,83.2
MD_B000023440,B000023440,B000023440,So Tao Centre,a7783626-8b81-485a-8a4d-6400463c0b15,a7783626-8b81-485a-8a4d-6400463c0b15,So Tao Centre,90.0
MD_B000023446,B000023446,B000023446,Song Ling Industrial Building,7a63ce58-04e9-4029-959d-89777944d1ed,7a63ce58-04e9-4029-959d-89777944d1ed,Song Ling Industrial Building,90.0
MD_B000007232,B000007232,B000007232,Sterling Centre,d6dc6b8a-11f2-4033-bc8d-aec8146d1a53,d6dc6b8a-11f2-4033-bc8d-aec8146d1a53,Sterling Centre,90.0
MD_B000007116,B000007116,B000007116,Sun Fung Centre,3efba45c-8d14-44bb-9f62-68e248dff833,3efba45c-8d14-44bb-9f62-68e248dff833,Sun Fung Centre,90.0
MD_B000023631,B000023631,B000023631,Sung Kee Factory Building,f6062e58-16eb-45cb-aeab-544d267a90d8,f6062e58-16eb-45cb-aeab-544d267a90d8,Sung Kee Factory Building,90.0
MD_B000020917,B000020917,B000020917,Sung's Tower,ae6a5915-802b-4b00-8e7c-7e5d1f0ce8c3,ae6a5915-802b-4b00-8e7c-7e5d1f0ce8c3,Sung's Tower,90.0
MD_B000023780,B000023780,B000023780,Tai Tak Industrial Building,aa2d922c-34c1-45b8-a610-2a160aadcdac,aa2d922c-34c1-45b8-a610-2a160aadcdac,Tai Tak Industrial Building,90.0
MD_B000020465,B000020465,B000020465,Tak Kee Group Centre,8a605e96-4caa-43a8-bf46-69bd97ea4a12,8a605e96-4caa-43a8-bf46-69bd97ea4a12,Tak Kee Group Centre,90.0
MD_B000077104,B000077104,B000077104,The Galaxy,ce53604d-a5b4-44dd-9e6c-faf12923b698,ce53604d-a5b4-44dd-9e6c-faf12923b698,The Galaxy,90.0
MD_B000080612,B000080612,B000080612,The Star,94d2240b-66df-47d1-b312-5cf19207cb88,94d2240b-66df-47d1-b312-5cf19207cb88,The Star,88.6
MD_B000024415,B000024415,B000024415,The Venus Industrial Building,00d93d70-8364-4c4a-a571-05a0f28e46d4,00d93d70-8364-4c4a-a571-05a0f28e46d4,Venus Industrial Building,90.0
MD_B000059544,B000059544,B000059544,Tower A Viking Technology And Business Centre,38fd0b5d-c3e2-4dcb-b840-2804808905ce,38fd0b5d-c3e2-4dcb-b840-2804808905ce,Viking Technology & Business Centre A,78.0
MD_B000067518,B000067518,B000067518,Tower B Viking Technology And Business Centre,cbbf10ad-90a5-4d29-89ea-2e3c913f2686,cbbf10ad-90a5-4d29-89ea-2e3c913f2686,Viking Technology & Business Centre B,90.0
MD_B000007121,B000007121,B000007121,Trans Asia Centre,3d03978b-f837-4593-babf-9dbaca23524a,3d03978b-f837-4593-babf-9dbaca23524a,Trans Asia Centre,90.0
MD_B000007234,B000007234,B000007234,Trust Centre,d2fe32ec-185e-4b79-97c1-9b3ad250c3ae,d2fe32ec-185e-4b79-97c1-9b3ad250c3ae,Trust Centre,90.0
MD_B000024182,B000024182,B000024182,Tsing Yi Industrial Centre Phase I Block A,372e9041-6897-493c-be04-5f5400ac3ff6,372e9041-6897-493c-be04-5f5400ac3ff6,"Tsing Yi Industrial Centre Ph. 2, Blk. D",83.4
MD_B000059745,B000059745,B000059745,Tsing Yi Industrial Centre Phase I Block B,fb387c43-746e-42c9-af01-a99cdb7759a8,fb387c43-746e-42c9-af01-a99cdb7759a8,"Tsing Yi Industrial Centre Ph. 1, Blk. B",83.4
MD_B000024263,B000024263,B000024263,Tung Chun Industrial Building Stage I (block A),8418f18e-ef67-4b0f-9601-f06e1d880c90,8418f18e-ef67-4b0f-9601-f06e1d880c90,Tung Chun Industrial Building A,90.0
MD_B000059548,B000059548,B000059548,Tung Chun Industrial Building Stage Ii (block B),6458577b-989a-4495-82d2-7b4be772c687,6458577b-989a-4495-82d2-7b4be772c687,Tung Chun Industrial Building B,90.0
MD_B000024293,B000024293,B000024293,Tung Luen Industrial Building,cb7f3432-6d84-4427-8bb2-ef7dc717c2d0,cb7f3432-6d84-4427-8bb2-ef7dc717c2d0,Tung Luen Industrial Building,85.4
MD_B000019965,B000019965,B000019965,Tung Tak Centre,e6cd560f-ff2e-4426-9bb1-dcfe9470b3c9,e6cd560f-ff2e-4426-9bb1-dcfe9470b3c9,Tung Tak Centre,90.0
MD_B000024398,B000024398,B000024398,Valid Industrial Centre,664b3937-5eb6-4293-9e54-a396bb408662,664b3937-5eb6-4293-9e54-a396bb408662,Valid Industrial Centre,88.2
MD_B000007117,B000007117,B000007117,Vanta Industrial Centre,bc3bd500-e4e0-4b76-876c-95e1000e24a1,bc3bd500-e4e0-4b76-876c-95e1000e24a1,Vanta Industrial Centre,90.0
MD_B000024443,B000024443,B000024443,Vigor Industrial Building Block A,9b405e1b-ffc0-422b-84f3-d68279769386,9b405e1b-ffc0-422b-84f3-d68279769386,Vigor Industrial Building A,90.0
MD_B000059749,B000059749,B000059749,Vigor Industrial Building Block B,8f214445-3080-4214-bd3a-46a18814a963,8f214445-3080-4214-bd3a-46a18814a963,Vigor Industrial Building B,90.0
MD_B000024444,B000024444,B000024444,"Vigor Industrial Building, Block 1",951be6ec-57ab-47ad-9604-68a45a21802e,951be6ec-57ab-47ad-9604-68a45a21802e,Vigor Industrial Building II,86.4
MD_B000024526,B000024526,B000024526,Waford Industrial Building,9add7617-0bfa-4882-9ddf-478ace537ac3,9add7617-0bfa-4882-9ddf-478ace537ac3,Waford Industrial Building,83.0
MD_B000024546,B000024546,B000024546,Wah Fat Industrial Building,ca26ae96-d909-40af-90c3-4106bf9c96ee,ca26ae96-d909-40af-90c3-4106bf9c96ee,Wah Fat Industrial Building,90.0
MD_B000024617,B000024617,B000024617,Wah Sing Industrial Building,06214307-02c3-409b-82dd-420e81d2ee19,06214307-02c3-409b-82dd-420e81d2ee19,Wah Sing Industrial Building,90.0
MD_B000007118,B000007118,B000007118,Well Fung Industrial Centre,76fb69d9-390d-4962-ae60-006f3ccd07ac,76fb69d9-390d-4962-ae60-006f3ccd07ac,Well Fung Industrial Centre,78.0
MD_B000059873,B000059873,B000059873,Wing Cheung Industrial Building,c68fb979-91aa-425d-b5ba-d4406e66332f,c68fb979-91aa-425d-b5ba-d4406e66332f,Wing Cheung Industrial Building (KC),90.0
MD_B000024953,B000024953,B000024953,Wing Kin Industrial Building,76b0a5f7-ec76-4c17-b2ab-cd16ef32290a,76b0a5f7-ec76-4c17-b2ab-cd16ef32290a,Kiu Kwong Industrial Building,76.4
MD_B000024971,B000024971,B000024971,Wing Loi Industrial Building,dd156fa9-aeb9-4fe5-a29e-018428632afb,dd156fa9-aeb9-4fe5-a29e-018428632afb,Shing On Industrial Building,76.8
MD_B000007784,B000007784,B000007784,"Wyler Centre, Phase Ii",e1e3640b-3407-4ed7-afed-705d6c79c755,e1e3640b-3407-4ed7-afed-705d6c79c755,Wyler Centre Phase II,90.0
MD_B000025205,B000025205,B000025205,Yam Hop Hing Industrial Building,f40f5352-5cd2-485a-992b-ecd5d07ce9ef,f40f5352-5cd2-485a-992b-ecd5d07ce9ef,Yam Hop Hing Industrial Building,90.0
MD_B000025473,B000025473,B000025473,Young Ya Industrial Building,e66706b4-7cb0-4eb5-90e0-f451b35f1427,e66706b4-7cb0-4eb5-90e0-f451b35f1427,Young Ya Industrial Building,90.0
MD_B000059875,B000059875,B000059875,88 Kwai Cheong Road,41201c25-7585-4af5-87ba-75b1829fb2d6,41201c25-7585-4af5-87ba-75b1829fb2d6,88 Kwai Cheong Road,90.0
MD_B000059732,B000059732,B000059732,Adp Pentagon Centre,f4a2a282-167b-4e60-a1c2-ca5fc33eae8a,f4a2a282-167b-4e60-a1c2-ca5fc33eae8a,ADP Pentagon Centre,80.8
MD_B000018240,B000018240,B000018240,Bonsun Industrial Building,03a70009-d322-4c80-957d-412731b6c19a,03a70009-d322-4c80-957d-412731b6c19a,Bonsun Industrial Building,90.0
MD_B000007092,B000007092,B000007092,Cable Tv Tower,b4172d34-26ea-45c2-87ec-f56ed0c98607,b4172d34-26ea-45c2-87ec-f56ed0c98607,Cable TV Tower,90.0
MD_B000018462,B000018462,B000018462,Cheong Tai Industrial Building,5099dc37-c2c3-4871-be3e-3f6ff872f739,5099dc37-c2c3-4871-be3e-3f6ff872f739,Cheong Tai Industrial Building,90.0
MD_B000007250,B000007250,B000007250,Cheung Fung Industrial Building,f5dd4fbd-e04c-4a2d-a83e-050d8321e20f,f5dd4fbd-e04c-4a2d-a83e-050d8321e20f,Well Industrial Building,76.4
MD_B000077806,B000077806,B000077806,Dan6,de0ea0b9-4818-495f-8c7d-71ff77e089d4,de0ea0b9-4818-495f-8c7d-71ff77e089d4,DAN6,89.0
MD_B000007252,B000007252,B000007252,Ew International Tower,332605d5-446d-4d3c-ac75-ef9161b636d2,332605d5-446d-4d3c-ac75-ef9161b636d2,EW International Tower,87.6
MD_B000019422,B000019422,B000019422,Glee Industrial Building,38839a00-46d3-4b34-b649-595b440e3105,38839a00-46d3-4b34-b649-595b440e3105,Glee Industrial Building,90.0
MD_B000019425,B000019425,B000019425,Global Trade Centre,4f8e0b7c-62a8-4aa5-b045-ed89a01e97cc,4f8e0b7c-62a8-4aa5-b045-ed89a01e97cc,Global Trade Centre,90.0
MD_B000007254,B000007254,B000007254,Golden Bear Industrial Centre,9b68b830-81d8-42c5-b58c-bcbb523804b9,9b68b830-81d8-42c5-b58c-bcbb523804b9,Golden Bear Industrial Centre,90.0
MD_B000019510,B000019510,B000019510,Goodwill Industrial Building,eecf9fc4-c0e1-4b6e-9799-dd0a0231b57c,eecf9fc4-c0e1-4b6e-9799-dd0a0231b57c,Goodwill Industrial Building,90.0
MD_B000019796,B000019796,B000019796,Henry Centre,cce5478a-26c6-46c2-a4c5-a1ef8e559dcf,cce5478a-26c6-46c2-a4c5-a1ef8e559dcf,Henry Centre,90.0
MD_B000007947,B000007947,B000007947,Hi-tech Industrial Centre Block A,cdea81c8-afef-462a-bd8d-49ca588d5e68,cdea81c8-afef-462a-bd8d-49ca588d5e68,Hi-tech Industrial Centre A,90.0
MD_B000007949,B000007949,B000007949,Hi-tech Industrial Centre Block B,50fa54c2-f6ea-4194-ac77-47178040940e,50fa54c2-f6ea-4194-ac77-47178040940e,Hi-tech Industrial Centre B,86.6
MD_B000007255,B000007255,B000007255,Ho Lik Centre,5525a308-a072-47da-b407-0a2ad506f8f3,5525a308-a072-47da-b407-0a2ad506f8f3,Ho Lik Centre,87.8
MD_B000007256,B000007256,B000007256,International Trade Centre,3d50d0cd-ba5d-4308-b6a3-07db81082c20,3d50d0cd-ba5d-4308-b6a3-07db81082c20,International Trade Centre,88.2
MD_B000059721,B000059721,B000059721,King Palace Plaza,b339be6e-68e7-4f7b-9782-6867c2a2c9f7,b339be6e-68e7-4f7b-9782-6867c2a2c9f7,King Palace Plaza (TW),87.8
MD_B000007938,B000007938,B000007938,Kong Nam Industrial Building Block A,6ed0c496-caf9-48a8-b136-01923801ddcd,6ed0c496-caf9-48a8-b136-01923801ddcd,Kong Nam Industrial Building A,86.6
MD_B000007940,B000007940,B000007940,Kong Nam Industrial Building Block B,0545a1a9-cbab-4e8a-b951-273a38764d79,0545a1a9-cbab-4e8a-b951-273a38764d79,Kong Nam Industrial Building B,86.6
MD_B000007943,B000007943,B000007943,"Leader Industrial Centre, Block 2",db158451-115f-4013-9f11-6e5532bab8c9,db158451-115f-4013-9f11-6e5532bab8c9,Leader Industrial Centre 1,87.6
MD_B000007248,B000007248,B000007248,Lucida Industrial Building,331a05a8-5818-414f-bf17-e5c99488d068,331a05a8-5818-414f-bf17-e5c99488d068,Lucida Industrial Building,90.0
MD_B000007249,B000007249,B000007249,Mega Trade Centre,b99db676-5ddd-4cb0-94f7-79bffc56263d,b99db676-5ddd-4cb0-94f7-79bffc56263d,Mega Trade Centre,88.8
MD_B000007944,B000007944,B000007944,Million Fortune Industrial Centre,e65cda16-99ba-45b4-bc60-f446906a43d8,e65cda16-99ba-45b4-bc60-f446906a43d8,Million Fortune Industrial Centre,90.0
MD_B000073300,B000073300,B000073300,One Midtown,96984e01-e918-4989-89b7-fcb9ba84c4af,96984e01-e918-4989-89b7-fcb9ba84c4af,One Midtown,90.0
MD_B000007089,B000007089,B000007089,Southeast Industrial Building,62a64984-ff21-402a-9b99-751e3ad58f31,62a64984-ff21-402a-9b99-751e3ad58f31,Southeast Industrial Building,86.6
MD_B000023668,B000023668,B000023668,Sunwise Industrial Building,80e5f9f9-95a1-4a51-9ff6-eebd4fcd3c0c,80e5f9f9-95a1-4a51-9ff6-eebd4fcd3c0c,Sunwise Industrial Building,90.0
MD_B000023671,B000023671,B000023671,"Superluck Industrial Centre, Phase 2",ff4c600b-dd1c-4a02-929a-3ab609f5478f,ff4c600b-dd1c-4a02-929a-3ab609f5478f,Superluck Industrial Centre II,79.0
MD_B000059725,B000059725,B000059725,"Superluck Industrial Centre, Phase I",473af421-15fd-4196-bc04-fba997217a89,473af421-15fd-4196-bc04-fba997217a89,Superluck Industrial Centre I,90.0
MD_B000059730,B000059730,B000059730,Tcl Tower,28a7275f-f5f7-468e-b518-c663fafc20c4,28a7275f-f5f7-468e-b518-c663fafc20c4,TCL Tower,90.0
MD_B000023958,B000023958,B000023958,Texaco Road Industrial Centre Block A,71ce9c03-2f21-4c84-b53b-7951815637c3,71ce9c03-2f21-4c84-b53b-7951815637c3,Texaco Road Industrial Centre Block A,90.0
MD_B000059741,B000059741,B000059741,Texaco Road Industrial Centre Block B,e22c737d-57b6-41f3-9f9a-2beef1e68e9f,e22c737d-57b6-41f3-9f9a-2beef1e68e9f,Texaco Road Industrial Centre Block B,90.0
MD_B000007491,B000007491,B000007491,Thriving Industrial Centre,7e6f4f45-e5c7-45e1-a147-de3a52006cfa,7e6f4f45-e5c7-45e1-a147-de3a52006cfa,Thriving Industrial Centre,90.0
MD_B000077793,B000077793,B000077793,Tml Tower,eb623313-5ff1-40e8-a39c-98cf457a3ae8,eb623313-5ff1-40e8-a39c-98cf457a3ae8,TML Tower,90.0
MD_B000024196,B000024196,B000024196,Tsuen Tung Factory Building,398c7b7d-c468-4604-8b92-d73223bed2c9,398c7b7d-c468-4604-8b92-d73223bed2c9,Tsuen Hing Factory Building,80.4
MD_B000024201,B000024201,B000024201,Tsuen Wan Industrial Building,b5a1d07f-9dcb-4448-a317-68f44bc37db6,b5a1d07f-9dcb-4448-a317-68f44bc37db6,Tsuen Wan Industrial Building,90.0
MD_B000059698,B000059698,B000059698,Wang Cheong Enterprises Centre,a2ab6864-c4b0-4493-a363-35ad706ef06e,a2ab6864-c4b0-4493-a363-35ad706ef06e,Wang Cheong Enterprises Centre,88.8
MD_B000007527,B000007527,B000007527,Wang Lung Industrial Building,aefd570b-35b7-43b6-8f28-7541a80348cf,aefd570b-35b7-43b6-8f28-7541a80348cf,Sum Lung Industrial Building,76.6
MD_B000024934,B000024934,B000024934,Wing Hang Industrial Building,b30169bd-2b95-4a9f-a7a5-5190e40334db,b30169bd-2b95-4a9f-a7a5-5190e40334db,Wing Hang Industrial Building,90.0
MD_B000024939,B000024939,B000024939,Wing Hing Industrial Building,8e3fe4ef-3387-4de0-a9fb-a56f09475e4b,8e3fe4ef-3387-4de0-a9fb-a56f09475e4b,Sang Hing Industrial Building,78.4
MD_B000059652,B000059652,B000059652,Goodman Western Plaza,95ca8851-b5b4-4a73-98fe-b16a306e1ffa,95ca8851-b5b4-4a73-98fe-b16a306e1ffa,Western Plaza,81.6
MD_B000021001,B000021001,B000021001,Kwong Kin Trade Centre,de059081-1e40-458f-8332-4b7d0d50a6d7,de059081-1e40-458f-8332-4b7d0d50a6d7,Kwong Kin Trade Centre,90.0
MD_B000022051,B000022051,B000022051,Nan Fung Industrial City Block 1,a71e3f28-f5b1-4c4c-a49c-b18345db8a5a,a71e3f28-f5b1-4c4c-a49c-b18345db8a5a,Nan Fung Industrial City Block 1,90.0
MD_B000059622,B000059622,B000059622,Nan Fung Industrial City Block 2,29764feb-5040-4059-a7ee-53ff26011094,29764feb-5040-4059-a7ee-53ff26011094,Nan Fung Industrial City Block 2,90.0
MD_B000059623,B000059623,B000059623,Nan Fung Industrial City Block 3,f7f6431d-fc2c-438d-bbd3-fb52d4e55466,f7f6431d-fc2c-438d-bbd3-fb52d4e55466,Nan Fung Industrial City Block 3,90.0
MD_B000059624,B000059624,B000059624,Nan Fung Industrial City Block 4,d6edd6d3-37d1-4e44-bbca-cbdb5e6e8fb0,d6edd6d3-37d1-4e44-bbca-cbdb5e6e8fb0,Nan Fung Industrial City Block 4,90.0
MD_B000059625,B000059625,B000059625,Nan Fung Industrial City Block 5,36f5fddf-4f5f-41d1-a4d9-d5ddee622617,36f5fddf-4f5f-41d1-a4d9-d5ddee622617,Nan Fung Industrial City Block 5,90.0
MD_B000023847,B000023847,B000023847,Tak Lee Industrial Centre Block A,23e6527b-ad10-4a36-82b2-78918d3d9102,23e6527b-ad10-4a36-82b2-78918d3d9102,Tak Lee Industrial Centre A,90.0
MD_B000059654,B000059654,B000059654,Tak Lee Industrial Centre Block B,1d2f179e-831b-4484-89bf-dbb29f157af7,1d2f179e-831b-4484-89bf-dbb29f157af7,Tak Lee Industrial Centre B,90.0
MD_B000018069,B000018069,B000018069,Yick Fung Group Building,8171f5a2-5d52-4c7b-9413-cab83efd464b,8171f5a2-5d52-4c7b-9413-cab83efd464b,Yick Fung Group Building,90.0
MD_B000021103,B000021103,B000021103,Lai Sun Yuen Long Centre,8d5b44af-d6ea-4279-a754-4e633a4a2f06,8d5b44af-d6ea-4279-a754-4e633a4a2f06,Lai Sun Yuen Long Centre,78.0
MD_B000024773,B000024773,B000024773,Wang Yip Centre,6a7abf08-2b92-481e-b052-51075f85e41a,6a7abf08-2b92-481e-b052-51075f85e41a,Wang Yip Centre,90.0
MD_B000025548,B000025548,B000025548,Yuen Long Trade Centre,cd5d8415-1f62-47b0-898d-596fa652a8ba,cd5d8415-1f62-47b0-898d-596fa652a8ba,Yuen Long Trading Centre,84.6
MD_B000059462,B000059462,B000059462,Jumbo Plaza,1af077ba-5e35-4f3b-99c8-05320d9e431c,1af077ba-5e35-4f3b-99c8-05320d9e431c,Jumbo Plaza,90.0
MD_B000023760,B000023760,B000023760,Tai Ping Industrial Centre Block 1,c7ee185d-f7d2-4dab-8655-65fc3cd4b667,c7ee185d-f7d2-4dab-8655-65fc3cd4b667,Tai Ping Industrial Centre Block 1,90.0
MD_B000059686,B000059686,B000059686,Tai Ping Industrial Centre Block 2,0ff71104-94f4-4cf7-835a-17bde48d2106,0ff71104-94f4-4cf7-835a-17bde48d2106,Tai Ping Industrial Centre Block 2,90.0
MD_B000059687,B000059687,B000059687,Tai Ping Industrial Centre Block 3,e39c6960-c8df-4633-b0cc-545374482d12,e39c6960-c8df-4633-b0cc-545374482d12,Tai Ping Industrial Centre Block 3,90.0
MD_B000059688,B000059688,B000059688,Tai Ping Industrial Centre Block 4,d53fc6c1-204a-4b4f-b535-990c8bf46774,d53fc6c1-204a-4b4f-b535-990c8bf46774,Tai Ping Industrial Centre Block 4,89.4
MD_B000023761,B000023761,B000023761,Tai Ping Industrial Park block A,b08df4dd-3e13-442a-9ff9-45741b7a051b,b08df4dd-3e13-442a-9ff9-45741b7a051b,Tai Ping Industrial Park,90.0
MD_B000054903,B000054903,B000054903,Cct Telecom Building,e17a9636-27ea-4400-87fe-1e658006c95f,e17a9636-27ea-4400-87fe-1e658006c95f,CCT Telecom Building,88.4
MD_B000018375,B000018375,B000018375,Century Industrial Centre,56791812-397e-4d3b-9b0c-78529c9af09e,56791812-397e-4d3b-9b0c-78529c9af09e,Century Industrial Centre,90.0
MD_B000019132,B000019132,B000019132,Fo Tan Industrial Centre,8dd4b945-6f74-44d6-b3b3-f80a07cca500,8dd4b945-6f74-44d6-b3b3-f80a07cca500,Fo Tan Industrial Centre,90.0
MD_B000019138,B000019138,B000019138,Fonda Industrial Building,80c30d7b-5208-4783-af53-a4bc0c2dcd06,80c30d7b-5208-4783-af53-a4bc0c2dcd06,Fonda Industrial Building,90.0
MD_B000019225,B000019225,B000019225,Fu Cheung Centre,e87ff898-e93f-4f72-9d5c-657f8762f3fc,e87ff898-e93f-4f72-9d5c-657f8762f3fc,Fu Cheung Centre,90.0
MD_B000019482,B000019482,B000019482,Goldfield Industrial Centre Block A,958168c4-1633-4753-893d-190bfdac7398,958168c4-1633-4753-893d-190bfdac7398,Goldfield Industrial Centre,85.8
MD_B000066957,B000066957,B000066957,"Goodman Shatin Logistics Centre, Phase I",a1219d58-cf5c-4db7-b2ef-0d51524cc8ba,a1219d58-cf5c-4db7-b2ef-0d51524cc8ba,Goodman Shatin Logistics Centre 2,88.19999999999999
MD_B000019716,B000019716,B000019716,Haribest Industrial Building,e123f510-c203-4736-9c1d-f1d42752e338,e123f510-c203-4736-9c1d-f1d42752e338,Haribest Industrial Building,90.0
MD_B000019723,B000019723,B000019723,Harry Industrial Building,daaa6bed-5ff4-4a2a-bc8f-f4ef40ac4e2a,daaa6bed-5ff4-4a2a-bc8f-f4ef40ac4e2a,Wah Lung Industrial Building,76.8
MD_B000020783,B000020783,B000020783,Kin Ho Industrial Building Block I,bd08ec49-4a7c-44f0-875d-894286ef07ba,bd08ec49-4a7c-44f0-875d-894286ef07ba,Kin Ho Industrial Building Block 2,88.19999999999999
MD_B000022101,B000022101,B000022101,New Trade Plaza Block A,0b7d3e23-48df-4862-b639-39344b46c534,0b7d3e23-48df-4862-b639-39344b46c534,New Trade Plaza Block A,90.0
MD_B000022313,B000022313,B000022313,New Trade Plaza Block B,0a30bdaa-fa87-44aa-8aaa-2bdaa2c6a9a3,0a30bdaa-fa87-44aa-8aaa-2bdaa2c6a9a3,New Trade Plaza Block B,90.0
MD_B000022279,B000022279,B000022279,On Ho Industrial Building,31b80750-dfa0-46ac-a8a2-423fc81a23d1,31b80750-dfa0-46ac-a8a2-423fc81a23d1,On Ho Industrial Building,90.0
MD_B000059786,B000059786,B000059786,Power Industrial Building,eaef9214-2585-47f2-81e6-7f7f144babff,eaef9214-2585-47f2-81e6-7f7f144babff,Power Industrial Building,90.0
MD_B000023097,B000023097,B000023097,Shatin Industrial Building,ede3df13-05b7-46e2-b8d5-f2eb903332a5,ede3df13-05b7-46e2-b8d5-f2eb903332a5,Shatin Industrial Building,90.0
MD_B000023098,B000023098,B000023098,"Shatin Industrial Centre, Block A",8322fc5f-838a-46d0-bb1b-47f9ff4c5176,8322fc5f-838a-46d0-bb1b-47f9ff4c5176,Shatin Industrial Centre Block A,90.0
MD_B000059551,B000059551,B000059551,"Shatin Industrial Centre, Block B",391893a6-1d83-441c-a515-af94323f5e91,391893a6-1d83-441c-a515-af94323f5e91,Shatin Industrial Centre Block B,90.0
MD_B000023646,B000023646,B000023646,Sunking Factory Building,0c9b82b9-e37d-48a1-9aad-a0805de6ad26,0c9b82b9-e37d-48a1-9aad-a0805de6ad26,Sunking Factory Building,90.0
MD_B000023948,B000023948,B000023948,Technology Park,45cbc58b-5ddb-4542-840f-2a71215fccc2,45cbc58b-5ddb-4542-840f-2a71215fccc2,Technology Park,90.0
MD_B000024134,B000024134,B000024134,Topsail Plaza,d52d8b0c-fd0a-4a4b-a5d1-604089a9d519,d52d8b0c-fd0a-4a4b-a5d1-604089a9d519,Topsail Plaza,90.0
MD_B000024142,B000024142,B000024142,Transport City Building,ac43a572-a909-4211-ad16-60259129b75b,ac43a572-a909-4211-ad16-60259129b75b,Transport City Building,90.0
MD_B000024373,B000024373,B000024373,Unison Industrial Centre,d1584f17-ecf9-4491-9c4d-e0a849e80793,d1584f17-ecf9-4491-9c4d-e0a849e80793,Unison Industrial Centre,90.0
MD_B000024385,B000024385,B000024385,Universal Industrial Centre,69a100f9-cbe7-4867-a585-e4f3b7ae89f0,69a100f9-cbe7-4867-a585-e4f3b7ae89f0,Universal Industrial Centre,90.0
MD_B000024397,B000024397,B000024397,Valiant Industrial Centre,f310972d-8bbd-40cf-953a-56b17eb8ac7b,f310972d-8bbd-40cf-953a-56b17eb8ac7b,Valiant Industrial Centre,90.0
MD_B000024581,B000024581,B000024581,Wah Lai Industrial Centre,6f438de7-7644-40bc-a004-1a818c0acb57,6f438de7-7644-40bc-a004-1a818c0acb57,Wah Tat Industrial Centre B,77.2
MD_B000024588,B000024588,B000024588,Wah Lok Industrial Centre Block A,10d69e46-77b2-4f70-8ccc-0d7252ef22e6,10d69e46-77b2-4f70-8ccc-0d7252ef22e6,Wah Lok Industrial Centre Block A,90.0
MD_B000059773,B000059773,B000059773,Wah Lok Industrial Centre Block E,be3a8333-038e-436a-b2f5-b162cda1f652,be3a8333-038e-436a-b2f5-b162cda1f652,Wah Lok Industrial Centre Block E,90.0
MD_B000024631,B000024631,B000024631,Wah Wai Centre,f366a313-fe2c-4e4b-a644-7686638ba85f,f366a313-fe2c-4e4b-a644-7686638ba85f,Wah Wai Centre,90.0
MD_B000024645,B000024645,B000024645,Wah Yiu Industrial Centre,42dc338b-41f8-4b3b-9e24-853ba6d2e5be,42dc338b-41f8-4b3b-9e24-853ba6d2e5be,Wah Yiu Industrial Centre,90.0
MD_B000025174,B000025174,B000025174,Worldwide Industrial Centre,e1cb26ab-dc98-47b3-9b04-bdfe68c76651,e1cb26ab-dc98-47b3-9b04-bdfe68c76651,Worldwide Industrial Centre,90.0
MD_B000025214,B000025214,B000025214,Yan Hing Centre,4847ffa8-50ca-4cae-89f3-7032e64deb3c,4847ffa8-50ca-4cae-89f3-7032e64deb3c,Yan Hing Centre,90.0
MD_B000007490,B000007490,B000007490,Technology Plaza,5d101f68-a404-4afb-b796-d858ccfe571d,5d101f68-a404-4afb-b796-d858ccfe571d,Technology Plaza (NP),90.0
